Ref,Qty,Value,Footprint
R70,1,100R 1%,R_0603_1608Metric
"C20, C21, C34, C35, C40, C41, C44, C65, C66, C70, C75, C81, C82",13,100nF 25V X7R,C_0603_1608Metric
OPT1,1,PC817,DIP-4_W7.62mm
"R30, R31, R45, R78, R82",5,10k 1%,R_0603_1608Metric
"R85, R86",2,5.1k,R_0603_1608Metric
LED1,1,STATUS 0805,LED_0805_2012Metric
C43,1,100nF 25V C0G,C_0603_1608Metric
TP_VBAT,1,VBAT_DIV,TestPoint_Pad_D2.0mm
"R71, R77",2,100k 1%,R_0603_1608Metric
"FID1, FID2, FID3",3,Fiducial_1mm_Mask2mm,Fiducial_1mm_Mask2mm
U6,1,SHT31-DIS-B2.5KS,Sensirion_DFN-8-1EP_2.5x2.5mm_P0.5mm_EP1.1x1.7mm
"Q21, Q22, Q23",3,BSS138,SOT-23
U2,1,CP2102N-A02-GQFN24,HVQFN-24-1EP_4x4mm_P0.5mm_EP2.1x2.1mm
R74,1,1k,R_0603_1608Metric
"R80, R81, R87, R88",4,10k,R_0603_1608Metric
"R48, R49",2,120R 1%,R_0603_1608Metric
D10,1,SM712,SOT-23
RSH1,1,FL-2 100A/75mV,Shunt_FL2_100A
"Q1, Q2",2,S8050,SOT-23
F3,1,1A T 250VAC 5x20,Fuseholder_Clip-5x20mm_Littelfuse_111_Inline_P20.00x5.00mm_D1.05mm_Horizontal
TP_EN,1,EN,TestPoint_Pad_D2.0mm
"D22, D23, D24, D25",4,SMAJ5.0A,D_SMA
"FB2, FB50",2,600R@100MHz,L_0805_2012Metric
"JP_CAN_TERM, JP_RS485_TERM",2,TERM 120R,SolderJumper-2_P1.3mm_Open_Pad1.0x1.5mm
"H1, H2, H3, H4",4,MountingHole_3.2mm_M3,MountingHole_3.2mm_M3
C64,1,4.7uF 16V X5R,C_0603_1608Metric
Q20,1,AO3400A,SOT-23
TP_RS485_A,1,RS485_A,TestPoint_Pad_D2.0mm
"R20a, R20b",2,49.9k 1% 0805,R_0603_1608Metric
U7,1,DS3231SN#,SOIC-16W_7.5x10.3mm_P1.27mm
SW2,1,BOOT,SW_PUSH_6mm
"U4, U5",2,ACS712ELCTR-30A-T,SOIC-8_3.9x4.9mm_P1.27mm
TP_CAN_H,1,CAN_H,TestPoint_Pad_D2.0mm
R75,1,47k 1%,R_0603_1608Metric
C42,1,10uF 16V X5R,C_0603_1608Metric
TP_GND,1,PGND,TestPoint_Pad_D2.0mm
NT0,1,NET-TIE PGND-BAT- (STAR),NetTie-2_SMD_Pad2.0mm
"R32, R33, R83",3,15k 1%,R_0603_1608Metric
"R40, R41, R79, R84",4,4.7k 1%,R_0603_1608Metric
F4,1,1.1A hold,Fuse_1812_4532Metric
"C61, C63",2,100nF 50V X7R,C_0805_2012Metric
TP_UART_RX,1,UART0_RX,TestPoint_Pad_D2.0mm
R72,1,330R 1%,R_0603_1608Metric
R76,1,68k 1%,R_0603_1608Metric
TP_SHUNT_K+,1,SHUNT_K+,TestPoint_Pad_D2.0mm
TP_RS485_B,1,RS485_B,TestPoint_Pad_D2.0mm
J_EXP,1,"EXPANSION 7-PIN 2,54",PinHeader_1x07_P2.54mm_Vertical
NT1,1,NET-TIE AGND-PGND,NetTie-2_SMD_Pad0.5mm
TP_3V3,1,+3V3,TestPoint_Pad_D2.0mm
J_PROGRAM,1,PROG 3V3/GND/TX/RX/EN/IO0,PinHeader_1x06_P2.54mm_Vertical
M_PZEM,1,PZEM-004T v3.0 100A-CT,Module_PZEM_004T_Socket
TP_CAN_L,1,CAN_L,TestPoint_Pad_D2.0mm
C83,1,1uF 25V X7R,C_0603_1608Metric
TP_IO0,1,IO0,TestPoint_Pad_D2.0mm
JP_RS485_BIAS_B,1,BIAS B,SolderJumper-2_P1.3mm_Open_Pad1.0x1.5mm
J_BAT,1,BATT 45-54V,"TerminalBlock_Phoenix_MKDS-1,5-2-5.08_1x02_P5.08mm_Horizontal"
"C30, C31",2,10nF 50V X7R,C_0603_1608Metric
TP_RELAY_RET,1,RELAY_RET,TestPoint_Pad_D2.0mm
U8,1,MAX3485CSA+,SOIC-8_3.9x4.9mm_P1.27mm
TP_ACS2_ADC,1,ACS2_ADC,TestPoint_Pad_D2.0mm
J_RS485,1,RS485 A/B/GND,"TerminalBlock_Phoenix_MKDS-1,5-3-5.08_1x03_P5.08mm_Horizontal"
SW1,1,RESET,SW_PUSH_6mm
J_ESTOP,1,E-STOP LOOP NC,"TerminalBlock_Phoenix_MKDS-1,5-2-5.08_1x02_P5.08mm_Horizontal"
D2,1,SMBJ58A,D_SMB
J_RELAY,1,RELAY COM/NO DRY,"TerminalBlock_Phoenix_MKDS-1,5-2-5.08_1x02_P5.08mm_Horizontal"
TP_SHUNT_K-,1,SHUNT_K-,TestPoint_Pad_D2.0mm
U3,1,INA219AIDCNR,SOT-23-8
TP_5V,1,+5V,TestPoint_Pad_D2.0mm
TP_5V_RELAY,1,+5V_RELAY,TestPoint_Pad_D2.0mm
C52,1,47uF 25V X5R,C_1210_3225Metric
U9,1,SN65HVD230DR,SOIC-8_3.9x4.9mm_P1.27mm
"R51, R52",2,680R 1%,R_0603_1608Metric
K1,1,HF115F-1/5V-H,Relay_HF115F_1
J_RELAY_EXP,1,RELAY EXP 5V/GND/SDA/SCL/INT,PinHeader_2x03_P2.54mm_Vertical
R55,1,1k 1%,R_0603_1608Metric
"C60, C62, C80",3,10uF 16V X5R,C_0805_2012Metric
F1,1,0.5A T 63V,Fuse_1206_3216Metric
M1,1,LM2596HVS 5V,Module_LM2596HVS
F2,1,0.5A hold,Fuse_1812_4532Metric
C57,1,47uF 100V,CP_Elec_10x10.5
TP_BAT+,1,BAT+,TestPoint_Pad_D2.0mm
J_CAN,1,CAN CANH/CANL/GND,"TerminalBlock_Phoenix_MKDS-1,5-3-5.08_1x03_P5.08mm_Horizontal"
J1,1,GCT USB4105-GF-A,USB_C_Receptacle_GCT_USB4105-xx-A_16P_TopMnt_Horizontal
D30,1,BAV199,SOT-23
"J_ACS2, J_ACS1",2,DT-55-B01X-02,TerminalBlock_Dinkle_DT-55-B01X-02_P10.00mm
R21,1,5.6k 1%,R_0603_1608Metric
TP_RELAY_CTRL,1,RELAY_CTRL,TestPoint_Pad_D2.0mm
TP_ACS1_ADC,1,ACS1_ADC,TestPoint_Pad_D2.0mm
TP_ESTOP,1,E_STOP_SENSE,TestPoint_Pad_D2.0mm
R22,1,2.2k 1%,R_0603_1608Metric
U12,1,USBLC6-2SC6,SOT-23-6
D21,1,SS14 40V/1A,D_SMA
JP_RS485_BIAS_A,1,BIAS A,SolderJumper-2_P1.3mm_Open_Pad1.0x1.5mm
NT2,1,NET-TIE DGND-PGND (DIGITAL),NetTie-2_SMD_Pad2.0mm
D1,1,US1M-13-F,D_SMA
D20,1,CDSOT23-T24CAN,SOT-23
J_I2C_EXP,1,I2C EXP 3V3/GND/SDA/SCL,PinHeader_1x04_P2.54mm_Vertical
TP_UART_TX,1,UART0_TX,TestPoint_Pad_D2.0mm
C50,1,2.2uF 100V X7R,C_0603_1608Metric
J_PZEM_AC,1,MAINS L/N 250VAC,"TerminalBlock_Phoenix_MKDS-1,5-2-5.08_1x02_P5.08mm_Horizontal"
U11,1,AP2112K-3.3,SOT-23-5
U1,1,ESP32-WROOM-32E,ESP32-WROOM-32E
BT1,1,CR2032 3V,BatteryHolder_Keystone_106_1x20mm
RV3,1,MOV 275VAC DNP,RV_Disc_D21.5mm_W5mm_P10mm
