Ref,Val,Package,PosX,PosY,Rot,Side
"BT1","CR2032 3V","BatteryHolder_Keystone_106_1x20mm",58.800000,-44.600000,180.000000,bottom
"D23","SMAJ5.0A","D_SMA",33.000000,-91.000000,180.000000,bottom
"RV3","MOV 275VAC DNP","RV_Disc_D21.5mm_W5mm_P10mm",124.000000,-96.000000,180.000000,bottom
"C20","100nF 25V X7R","C_0603_1608Metric",81.000000,-41.500000,0.000000,top
"C21","100nF 25V X7R","C_0603_1608Metric",64.000000,-41.500000,0.000000,top
"C30","10nF 50V X7R","C_0603_1608Metric",91.100000,-39.100000,90.000000,top
"C31","10nF 50V X7R","C_0603_1608Metric",79.000000,-63.500000,0.000000,top
"C34","100nF 25V X7R","C_0603_1608Metric",78.500000,-47.300000,0.000000,top
"C35","100nF 25V X7R","C_0603_1608Metric",73.500000,-62.500000,0.000000,top
"C40","100nF 25V X7R","C_0603_1608Metric",78.000000,-31.500000,0.000000,top
"C41","100nF 25V X7R","C_0603_1608Metric",56.800000,-35.500000,90.000000,top
"C42","10uF 16V X5R","C_0603_1608Metric",57.500000,-39.000000,90.000000,top
"C43","100nF 25V C0G","C_0603_1608Metric",57.500000,-42.300000,90.000000,top
"C44","100nF 25V X7R","C_0603_1608Metric",66.500000,-44.000000,0.000000,top
"C50","2.2uF 100V X7R","C_0603_1608Metric",35.000000,-41.000000,90.000000,top
"C52","47uF 25V X5R","C_1210_3225Metric",62.500000,-58.000000,90.000000,top
"C57","47uF 100V","CP_Elec_10x10.5",25.200000,-38.000000,0.000000,top
"C60","10uF 16V X5R","C_0805_2012Metric",62.000000,-50.000000,0.000000,top
"C61","100nF 50V X7R","C_0805_2012Metric",62.000000,-53.000000,0.000000,top
"C62","10uF 16V X5R","C_0805_2012Metric",74.200000,-64.800000,0.000000,top
"C63","100nF 50V X7R","C_0805_2012Metric",79.300000,-70.500000,0.000000,top
"C64","4.7uF 16V X5R","C_0603_1608Metric",78.800000,-79.800000,0.000000,top
"C65","100nF 25V X7R","C_0603_1608Metric",76.500000,-79.500000,90.000000,top
"C66","100nF 25V X7R","C_0603_1608Metric",63.500000,-89.200000,0.000000,top
"C70","100nF 25V X7R","C_0603_1608Metric",69.000000,-56.000000,90.000000,top
"C75","100nF 25V X7R","C_0603_1608Metric",48.000000,-72.200000,0.000000,top
"C80","10uF 16V X5R","C_0805_2012Metric",64.599999,-85.000000,90.000000,top
"C81","100nF 25V X7R","C_0603_1608Metric",59.000000,-80.200000,90.000000,top
"C82","100nF 25V X7R","C_0603_1608Metric",62.400000,-84.300000,90.000000,top
"C83","1uF 25V X7R","C_0603_1608Metric",80.000000,-76.000000,0.000000,top
"D1","US1M-13-F","D_SMA",14.900000,-40.000000,90.000000,top
"D2","SMBJ58A","D_SMB",15.200000,-30.000000,0.000000,top
"D10","SM712","SOT-23",120.900000,-12.000000,0.000000,top
"D20","CDSOT23-T24CAN","SOT-23",77.500000,-44.000000,-90.000000,top
"D21","SS14 40V/1A","D_SMA",2.500000,-84.000000,90.000000,top
"D22","SMAJ5.0A","D_SMA",26.200000,-90.850000,0.000000,top
"D24","SMAJ5.0A","D_SMA",27.000000,-64.800000,0.000000,top
"D25","SMAJ5.0A","D_SMA",34.500000,-64.800000,0.000000,top
"D30","BAV199","SOT-23",92.000000,-32.000000,-90.000000,top
"F1","0.5A T 63V","Fuse_1206_3216Metric",13.700000,-34.000000,0.000000,top
"F2","0.5A hold","Fuse_1812_4532Metric",63.000000,-67.500000,0.000000,top
"F3","1A T 250VAC 5x20","Fuseholder_Clip-5x20mm_Littelfuse_111_Inline_P20.00x5.00mm_D1.05mm_Horizontal",88.500000,-86.000000,90.000000,top
"F4","1.1A hold","Fuse_1812_4532Metric",60.000000,-63.300000,0.000000,top
"FB2","600R@100MHz","L_0805_2012Metric",54.500000,-65.500000,0.000000,top
"FB50","600R@100MHz","L_0805_2012Metric",69.000000,-68.000000,0.000000,top
"FID1","Fiducial_1mm_Mask2mm","Fiducial_1mm_Mask2mm",86.300000,-94.900000,0.000000,top
"FID2","Fiducial_1mm_Mask2mm","Fiducial_1mm_Mask2mm",131.500000,-92.300000,0.000000,top
"FID3","Fiducial_1mm_Mask2mm","Fiducial_1mm_Mask2mm",26.000000,-68.500000,0.000000,top
"J1","GCT USB4105-GF-A","USB_C_Receptacle_GCT_USB4105-xx-A_16P_TopMnt_Horizontal",77.800000,-97.500000,0.000000,top
"J_ACS1","DT-55-B01X-02","TerminalBlock_Dinkle_DT-55-B01X-02_P10.00mm",131.699999,-48.500000,-90.000000,top
"J_ACS2","DT-55-B01X-02","TerminalBlock_Dinkle_DT-55-B01X-02_P10.00mm",131.699999,-71.600000,-90.000000,top
"J_BAT","BATT 45-54V","TerminalBlock_Phoenix_MKDS-1,5-2-5.08_1x02_P5.08mm_Horizontal",6.000000,-36.500000,90.000000,top
"J_CAN","CAN CANH/CANL/GND","TerminalBlock_Phoenix_MKDS-1,5-3-5.08_1x03_P5.08mm_Horizontal",131.699999,-27.800000,-90.000000,top
"J_ESTOP","E-STOP LOOP NC","TerminalBlock_Phoenix_MKDS-1,5-2-5.08_1x02_P5.08mm_Horizontal",8.199999,-94.500000,180.000000,top
"J_EXP","EXPANSION 7-PIN 2,54","PinHeader_1x07_P2.54mm_Vertical",7.000000,-70.000000,90.000000,top
"J_I2C_EXP","I2C EXP 3V3/GND/SDA/SCL","PinHeader_1x04_P2.54mm_Vertical",4.000000,-49.000000,90.000000,top
"J_PROGRAM","PROG 3V3/GND/TX/RX/EN/IO0","PinHeader_1x06_P2.54mm_Vertical",67.000000,-90.500000,90.000000,top
"J_PZEM_AC","MAINS L/N 250VAC","TerminalBlock_Phoenix_MKDS-1,5-2-5.08_1x02_P5.08mm_Horizontal",100.000000,-97.500000,180.000000,top
"J_RELAY","RELAY COM/NO DRY","TerminalBlock_Phoenix_MKDS-1,5-2-5.08_1x02_P5.08mm_Horizontal",19.500000,-94.500000,180.000000,top
"J_RELAY_EXP","RELAY EXP 5V/GND/SDA/SCL/INT","PinHeader_2x03_P2.54mm_Vertical",6.500000,-58.000000,90.000000,top
"J_RS485","RS485 A/B/GND","TerminalBlock_Phoenix_MKDS-1,5-3-5.08_1x03_P5.08mm_Horizontal",131.699999,-7.200000,-90.000000,top
"K1","HF115F-1/5V-H","Relay_HF115F_1",8.500000,-78.000000,0.000000,top
"LED1","STATUS 0805","LED_0805_2012Metric",48.000000,-68.000000,-90.000000,top
"OPT1","PC817","DIP-4_W7.62mm",30.000000,-69.000000,0.000000,top
"Q1","S8050","SOT-23",61.000000,-74.000000,0.000000,top
"Q2","S8050","SOT-23",59.700000,-90.000000,0.000000,top
"Q20","AO3400A","SOT-23",35.800000,-91.500000,180.000000,top
"Q21","BSS138","SOT-23",15.500000,-64.500000,0.000000,top
"Q22","BSS138","SOT-23",15.000000,-53.500000,0.000000,top
"Q23","BSS138","SOT-23",15.000000,-60.800000,0.000000,top
"R20a","49.9k 1% 0805","R_0603_1608Metric",61.000000,-33.600000,90.000000,top
"R20b","49.9k 1% 0805","R_0603_1608Metric",61.000000,-36.800000,90.000000,top
"R21","5.6k 1%","R_0603_1608Metric",61.000000,-40.000000,90.000000,top
"R22","2.2k 1%","R_0603_1608Metric",64.000000,-36.500000,0.000000,top
"R30","10k 1%","R_0603_1608Metric",82.000000,-47.000000,0.000000,top
"R31","10k 1%","R_0603_1608Metric",78.000000,-58.600000,90.000000,top
"R32","15k 1%","R_0603_1608Metric",91.200000,-35.600000,90.000000,top
"R33","15k 1%","R_0603_1608Metric",78.000000,-68.000000,90.000000,top
"R40","4.7k 1%","R_0603_1608Metric",66.000000,-48.500000,90.000000,top
"R41","4.7k 1%","R_0603_1608Metric",66.000000,-53.500000,90.000000,top
"R45","10k 1%","R_0603_1608Metric",76.000000,-41.000000,0.000000,top
"R48","120R 1%","R_0603_1608Metric",120.500000,-23.000000,0.000000,top
"R49","120R 1%","R_0603_1608Metric",68.000000,-64.800000,90.000000,top
"R51","680R 1%","R_0603_1608Metric",62.000000,-45.000000,0.000000,top
"R52","680R 1%","R_0603_1608Metric",72.000000,-44.000000,0.000000,top
"R55","1k 1%","R_0603_1608Metric",85.200000,-37.500000,0.000000,top
"R70","100R 1%","R_0603_1608Metric",31.200000,-92.450000,0.000000,top
"R71","100k 1%","R_0603_1608Metric",85.900000,-98.400000,0.000000,top
"R72","330R 1%","R_0603_1608Metric",48.500000,-70.500000,0.000000,top
"R74","1k","R_0603_1608Metric",55.500000,-68.000000,90.000000,top
"R75","47k 1%","R_0603_1608Metric",44.500000,-67.000000,0.000000,top
"R76","68k 1%","R_0603_1608Metric",45.400000,-70.500000,0.000000,top
"R77","100k 1%","R_0603_1608Metric",20.500000,-64.500000,0.000000,top
"R78","10k 1%","R_0603_1608Metric",47.700000,-64.500000,0.000000,top
"R79","4.7k 1%","R_0603_1608Metric",14.600000,-49.800000,0.000000,top
"R80","10k","R_0603_1608Metric",79.000000,-73.000000,0.000000,top
"R81","10k","R_0603_1608Metric",67.500000,-78.750000,0.000000,top
"R82","10k 1%","R_0603_1608Metric",11.000000,-61.500000,0.000000,top
"R83","15k 1%","R_0603_1608Metric",40.000000,-64.800000,0.000000,top
"R84","4.7k 1%","R_0603_1608Metric",11.000000,-63.500000,0.000000,top
"R85","5.1k","R_0603_1608Metric",79.500000,-87.700000,0.000000,top
"R86","5.1k","R_0603_1608Metric",84.200000,-94.500000,90.000000,top
"R87","10k","R_0603_1608Metric",55.500000,-70.800000,0.000000,top
"R88","10k","R_0603_1608Metric",60.500000,-77.000000,0.000000,top
"RSH1","FL-2 100A/75mV","Shunt_FL2_100A",63.000000,-13.400000,0.000000,top
"SW1","RESET","SW_PUSH_6mm",69.250000,-71.750000,0.000000,top
"SW2","BOOT","SW_PUSH_6mm",67.250000,-81.250000,0.000000,top
"U1","ESP32-WROOM-32E","ESP32-WROOM-32E",48.000000,-86.950000,180.000000,top
"U2","CP2102N-A02-GQFN24","HVQFN-24-1EP_4x4mm_P0.5mm_EP2.1x2.1mm",78.300000,-84.000000,0.000000,top
"U3","INA219AIDCNR","SOT-23-8",80.000000,-38.000000,0.000000,top
"U4","ACS712ELCTR-30A-T","SOIC-8_3.9x4.9mm_P1.27mm",86.000000,-42.000000,90.000000,top
"U5","ACS712ELCTR-30A-T","SOIC-8_3.9x4.9mm_P1.27mm",80.400000,-53.000000,90.000000,top
"U6","SHT31-DIS-B2.5KS","Sensirion_DFN-8-1EP_2.5x2.5mm_P0.5mm_EP1.1x1.7mm",82.000000,-33.000000,0.000000,top
"U7","DS3231SN#","SOIC-16W_7.5x10.3mm_P1.27mm",49.500000,-37.000000,0.000000,top
"U8","MAX3485CSA+","SOIC-8_3.9x4.9mm_P1.27mm",71.000000,-34.000000,90.000000,top
"U9","SN65HVD230DR","SOIC-8_3.9x4.9mm_P1.27mm",71.000000,-50.000000,90.000000,top
"U11","AP2112K-3.3","SOT-23-5",72.000000,-58.000000,90.000000,top
"U12","USBLC6-2SC6","SOT-23-6",64.000000,-80.000000,90.000000,top
